Bedrooms,Bathrooms,SquareFootage,YearBuilt,GarageSpaces,LotSize,NeighborhoodQuality,SalePrice
4,1,4219,1929,3,9.368925292847656,3,833755.0148365471
5,1,802,1959,1,8.112805922801181,3,316678.7001302209
3,3,4452,2007,1,6.905458999061741,2,928798.4664820933
5,2,1486,1997,0,0.5543265229274983,3,342463.242486252
5,1,2363,1931,0,4.925344655619685,1,448750.1884781774
2,3,4940,1966,1,5.92604183691243,3,925026.4701882823
3,2,3572,1966,3,3.3882875882559964,1,616779.9660426883
3,1,3624,1927,2,3.5219922455829846,2,616856.2833852256
3,2,1827,1943,2,9.63101444924657,2,480481.18016337
5,3,2908,1978,1,8.971253219426085,1,723857.0508278328
4,1,4173,1940,0,8.56720055226619,3,779526.0730506135
3,2,3791,1962,0,4.357112116208051,2,697025.9982097228
5,1,4533,1922,3,0.6301362288846881,4,732070.4776168428
2,2,1203,2003,2,1.2621113413292837,2,258306.0060833479
4,3,1074,1974,3,3.4658654980672345,3,357706.88372995466
2,3,3732,1947,2,0.6495576734589313,4,660783.5832775363
4,1,3132,1931,1,0.662922928194382,3,497448.63810256333
5,2,4328,1956,2,9.207731365602905,1,888206.7197970583
1,1,3730,2017,3,7.208505770131014,4,712998.2824325411
4,1,988,1999,3,3.43508190564745,3,284795.1634319687
2,2,1847,1932,3,1.760123487209055,4,390585.05113783083
5,2,4181,1923,1,5.360539320003233,3,770142.4029118667
4,2,3673,1938,2,0.5507885281164624,4,624684.7526409237
1,3,2167,1933,2,9.414930566652368,3,505411.1782350658
1,1,2137,1955,3,4.440743634194998,1,414495.4994405599
3,1,4614,1927,2,4.322182074754661,4,804105.2741401595
3,3,4053,1936,0,4.210639272026931,4,727309.34539174
2,2,1500,1906,0,1.1586191386837652,4,261289.06613393937
4,3,1350,1967,0,6.564061278022352,4,376714.4284464805
4,3,1888,1936,2,7.463534386469357,1,447220.9740087955
3,3,4212,1955,1,6.923191277088757,4,848316.081299832
4,1,1867,1964,1,1.8151371866292458,2,327449.0115008122
4,3,1321,1964,1,5.99898159633813,1,395294.7326143122
1,1,954,1946,1,5.910102599636412,2,268073.4736549386
3,1,2124,1919,0,8.74990248544313,4,446004.2198330627
5,1,3272,1918,0,4.101712754568647,3,612562.3905223735
3,2,4226,1928,3,4.029116464764625,2,737818.1494320682
5,1,3647,1973,2,6.376007057822763,4,732946.5067061293
1,1,4589,1959,2,6.514190208245374,2,819679.2400657685
2,2,2690,1917,1,4.958209659595008,4,549228.9807477229
4,1,1416,1991,0,4.709063942139,4,380168.53404738154
1,3,4486,1934,1,5.194402871059886,4,750979.6928269297
4,3,3375,1942,3,8.679930345281463,3,805819.284953334
2,1,1940,2010,2,4.881085561912145,2,417164.042925363
2,2,4900,1994,2,9.429352023713314,1,1028647.9573988123
1,3,1235,1990,1,5.288035754165097,1,332105.4757798023
2,2,4068,1910,3,9.517406585218469,1,810525.214052071
5,2,3838,1948,2,8.41190306775622,1,797254.8680281789
2,3,3515,2012,3,3.9430975648503765,4,680592.2101725203
4,2,3389,1937,3,8.704593502317852,2,797551.7834919376
4,3,1461,1963,1,1.5456011999105945,2,312152.94401519606
4,2,3489,1968,0,9.287948165758637,3,745051.5525017055
4,3,4348,1907,1,6.500613393287471,2,820137.536803073
5,1,1526,1933,0,1.0167121109619561,2,246050.8622961215
3,3,4365,1947,3,6.620438874682709,2,889086.7908509105
1,3,3363,2015,0,9.755352714375183,3,714780.0333951755
4,3,3001,1955,3,1.1631062188389747,1,534061.9091999944
2,3,2447,1975,2,5.7695332429108195,2,563857.1726043862
4,2,1677,2001,2,7.604046322714038,3,480689.72972346656
2,1,511,1964,2,8.197456573645548,3,276829.51103541214
2,3,4899,1930,1,4.431360920547561,4,889306.321328087
4,2,3864,1903,1,2.4395823120983087,3,672486.6849502781
5,1,3522,2012,3,0.9022516483376464,1,634281.9415952815
2,1,3871,2008,2,6.007398492423635,2,797531.5360947677
2,1,3330,1949,1,4.802655167542302,3,586844.6996309402
4,1,542,1968,2,9.513071753922254,1,313553.6940536313
2,3,1443,1929,1,1.0757466232916428,3,264203.9241782637
2,3,2890,2019,0,7.011255762737054,3,635164.5711043165
4,2,3045,1987,0,0.7371791101405432,3,497763.3157787819
4,2,2911,1958,2,2.128624678750156,3,494131.24794599065
1,2,1504,1966,3,4.809000499266924,3,368710.04934481834
5,1,520,1974,1,4.821288206627248,1,208088.91949377852
5,1,906,1944,1,7.0141551578696175,2,358378.32288192434
2,3,1514,1903,0,9.147023831243688,2,414226.9185439928
5,1,4931,1925,0,6.5708055096917475,2,881778.8787565477
2,1,2338,1926,3,9.558583429589333,2,580730.163251853
1,1,3688,1945,3,8.875348578840978,1,751761.7875130125
4,2,1214,2017,3,6.052748057542507,4,390767.0254561739
4,2,4646,2006,2,8.42102353372886,4,927802.1769804661
4,3,4354,1963,0,6.604487298074523,1,932632.2910614673
5,1,4919,1990,2,1.2462993937754079,1,837320.6319320516
1,1,640,2005,0,7.535364870965345,3,290818.03685391677
5,3,1463,1950,0,1.401630192039789,3,281408.96583495836
5,1,872,1949,1,6.143786415412268,3,276226.09364765347
1,1,4135,1905,0,7.175081955653174,2,783560.2863203207
1,2,3041,1958,0,1.1320122780031248,3,522213.51904395333
1,3,4110,1914,2,2.6925492123020516,4,699291.5368393732
1,3,2192,2016,0,9.198886206485673,2,555738.4518347878
4,3,605,1929,2,6.354987676212516,3,266998.8592253359
3,3,2181,1941,3,2.83971717870005,2,426041.57519259775
3,2,4597,2000,0,7.0614578259060625,4,851357.9232646552
1,2,4516,1936,0,6.169375989636052,3,821383.6243992464
3,1,3136,1941,2,5.2649691492205095,4,610170.1635542116
3,1,2637,2000,3,9.773776262386795,4,667927.4956562928
1,1,3916,1934,1,6.992810885371335,4,708333.7680083702
3,1,4945,1986,3,4.066690541845171,3,880974.7852152325
5,2,4030,1905,2,8.100697604730247,1,793712.8579702516
2,3,1786,1967,3,8.903541282751284,3,489788.124085768
2,2,3679,1917,2,1.6895953154098984,4,641318.4672117524
1,1,4154,1972,2,2.4052532895300316,3,690742.7482116192
4,2,2859,2012,1,2.554156586713907,4,566119.4901914417
1,3,944,1928,0,7.066512189172133,1,312324.0941298802
4,3,535,1976,2,6.228875773006192,2,286678.5376159494
2,2,1975,1958,2,6.380419864636588,1,464374.2158933606
1,2,4457,1946,1,9.437346347050259,1,840631.2975171625
5,2,2298,2015,2,7.871159561669407,2,572720.3155224735
3,1,2345,1916,0,1.7154007828619402,3,354862.6467790276
4,2,1908,2008,1,3.8013172830392197,2,448862.8060812978
3,2,2208,1995,0,4.636239638669489,3,472697.0590939414
3,2,3438,2011,0,4.261635093102246,3,633531.9127679052
1,3,1800,1921,1,6.858431787037852,4,434671.10678163724
3,3,1743,1967,2,8.972984480937344,4,518496.10114259954
5,1,4476,1968,0,3.407488903466486,2,760675.6282868455
3,1,3597,1936,0,5.742832796001263,1,656210.9673042934
1,3,509,2004,0,7.999389508179064,2,296516.3320400932
5,3,2925,1948,0,4.454071559030819,3,564872.5473276308
2,3,2160,1912,1,2.0971222197933104,4,398598.11351826496
3,2,3131,1933,1,5.012034170005609,2,601416.2735042012
1,2,1572,2008,3,1.0246139470587705,2,288812.2863036498
2,3,3725,1985,3,9.45264281302163,4,824297.7746353851
2,2,1816,1952,0,1.2108014493522439,4,321257.2436534425
4,2,4645,1986,2,4.665338794880492,4,842906.7477441399
5,1,4183,1950,0,5.533871980340999,3,753945.3483601648
3,3,3773,1902,2,9.860386406729212,4,769447.2298613045
1,3,645,1941,0,2.077207324607177,1,142069.17226404618
4,2,3540,1997,3,1.5870994268174063,2,644439.9382754194
5,3,1962,1931,3,0.582708397094164,4,366341.11397452524
4,1,2084,2008,2,1.977928650258372,4,379536.37554907025
5,1,982,1950,0,2.469093301142842,3,208967.16540694117
5,1,3679,2012,2,6.490518945039377,3,747728.0762304876
3,3,1749,1984,3,2.587214508718304,2,415015.2579151724
5,3,1130,1945,0,0.6949477399285895,1,255268.07766799506
4,3,1161,2007,0,8.352874282273643,2,440113.01261734794
5,3,4003,1920,2,3.9731591595376843,4,721937.7107657795
3,3,3352,1943,1,3.8601185225169723,1,627541.139927323
3,1,2966,1910,2,3.3735507770953026,1,457294.85306686774
4,2,1487,2002,3,9.766046132890999,1,513593.9326123447
2,1,2046,1967,3,2.116096464438174,1,396494.37113628344
2,3,1149,2014,3,9.033261607555733,2,429724.60295459157
5,1,1468,1900,3,7.879631655328936,3,413678.37839962327
1,3,3137,1991,3,1.2265595772434743,3,521208.0846606181
5,3,1600,1962,1,9.873926464258062,4,490951.85452516563
4,1,940,1923,0,3.0779766536206004,3,227695.7640332189
4,3,1269,1998,2,1.4365378067129173,3,321362.0880977477
4,2,1843,1912,2,8.378485224194716,3,465223.3417077751
4,3,4858,2010,3,7.213417569938149,3,996752.4093338808
4,2,4229,1997,2,6.363578655840057,4,839079.0260367988
3,2,4406,1910,3,1.981818205139865,2,716430.8400047433
2,3,2077,1999,1,5.045713104431638,1,469893.5793235504
4,1,4508,1950,1,7.915282255428531,3,850620.2028257822
1,2,3851,1916,0,3.3844274123664824,2,603244.1494768665
1,1,2849,1998,1,3.461053370892894,3,549488.2125654104
1,2,4102,1981,1,0.5298386074571602,3,639696.1613168283
1,3,1741,2003,0,2.1553123156311056,1,329447.22845519934
3,3,1625,1985,2,8.816353438657426,1,454843.36076031456
1,2,3101,2020,3,4.696591670558218,1,556682.6367214362
4,3,1690,1923,3,9.850227742727123,3,528041.9765575172
5,2,4631,1918,2,4.259225653951029,3,844174.7302549258
1,3,4948,1936,0,7.2942713204122915,3,930411.3910231135
3,1,572,2002,2,3.178230907594927,1,197138.635247644
3,3,2414,1984,1,3.956191590838868,4,497674.01863443747
1,1,2972,1907,0,2.311896882113499,2,447344.8598096915
5,3,3546,1927,0,3.7970925007442524,4,645427.90926893
1,1,1207,1904,0,5.69875644399611,3,289519.88764842687
3,3,2304,1916,3,9.921842369302869,3,589873.9661678334
2,1,4213,2000,2,6.809916274181964,4,818100.0953836744
4,2,3064,1935,0,2.3928365668789837,3,523406.5605385696
3,2,2975,2017,0,0.9271336951197358,2,555813.8715579124
1,1,4110,1918,0,1.7003865724878509,3,576389.2594638885
4,3,4755,1963,2,5.84427441209395,2,871622.3838739279
1,1,3323,1990,3,7.76902312375928,4,696823.2255810496
1,3,2235,2016,1,9.433982469357096,4,628194.9181679153
2,2,2085,1997,3,0.6503201339697977,3,382128.8976854267
4,3,566,1910,0,5.466221344837763,2,202665.15675357165
4,2,3561,1953,3,4.973239884120179,3,718631.3653113622
2,3,2928,1944,3,6.732522708769188,1,632442.9152257562
3,3,4653,1946,1,5.815999117420748,1,892025.3276482711
1,3,841,1911,2,7.026871930533566,1,250428.6614920628
5,1,3274,2017,2,6.751784555117308,1,735427.4032526193
1,1,3317,1920,3,1.6116113861504888,3,489570.791303803
1,2,3161,2017,3,8.097320179377835,1,690892.099933685
3,2,1732,1910,2,1.670709469305086,2,324033.75820669986
1,1,4374,2002,2,7.1360409394868025,4,834971.1532447133
2,2,2901,1991,1,4.453380992585764,4,593732.4282512744
2,1,1994,1904,0,5.38158197847768,1,337565.139144323
4,3,4711,1980,3,9.08133113656925,1,980301.8097238609
5,2,1161,1955,2,8.953895401498123,1,446218.9588495611
1,2,4383,1919,3,8.269634903722782,3,837325.0537512581
1,1,4119,1940,3,5.346409614335071,4,704719.7002925338
3,2,2368,1945,2,7.494278196271415,1,568273.2487960947
2,2,2834,1911,1,5.372522027428689,2,519342.68379498133
5,3,3874,1969,3,8.761257783510386,1,828717.0803686357
4,2,1516,1916,1,4.3263704157125495,4,315674.0144921633
2,3,4906,2014,2,9.71723577194133,1,1002777.5876151025
4,1,707,1918,0,9.357066203174337,4,301267.8295728085
3,2,3165,1925,0,7.5452248847919625,1,605926.9963282623
3,3,2993,1947,3,3.154450899672684,2,547447.871075205
1,1,1132,2007,2,1.7507090935359546,1,221452.10997416364
5,2,2602,2007,1,8.619682775885376,2,619818.9393205416
4,1,3459,1951,3,2.070371718310632,2,605176.3900299484
2,2,3583,1995,2,8.615477495474689,1,771790.0898195158
3,1,2431,1969,2,5.162267563767425,2,508492.19653201336
1,1,4219,1954,1,4.36228944617699,3,725229.0861422349
1,3,3062,1999,3,9.080312398927077,1,750681.0408607568
4,1,2179,2001,2,6.23658433413264,1,523173.7766733317
3,2,736,1974,2,5.977833067732319,2,302055.76755187754
5,2,4943,1932,2,5.808276473931778,2,898750.1357342112
3,3,2040,1961,1,4.026110402185548,1,463122.3616102482
4,2,4443,1987,3,7.963609483526709,3,891163.3765757012
4,2,863,1922,3,2.9015852181498434,2,242267.9125527116
3,2,2868,1914,3,9.419502120392114,2,614805.8707032826
4,1,785,1926,3,8.992859447946127,4,333263.04225862556
3,1,648,1974,0,3.7060630939115327,3,168436.75599899722
2,2,4537,1963,0,7.429905813400805,3,873549.0076301139
3,3,2266,2020,3,5.945620347271119,1,579209.318495392
3,1,1512,2014,1,3.707668368992729,3,338787.68269087723
4,3,3331,2013,0,9.890955655956743,1,829708.4863347484
4,2,3007,1980,2,0.7397547855585099,4,524198.13830633333
1,2,2023,1950,0,2.900137290902223,3,325652.27330123127
1,1,3285,1952,2,5.440703580555929,2,588586.1223520517
2,2,3056,1977,3,5.458553533046357,4,593467.5451019808
1,1,4225,1990,0,6.094864211982859,1,774637.3367843135
3,2,2101,1981,1,7.640923634217733,4,485084.3970175433
4,2,2908,1991,0,6.423039389933316,1,606180.4374035101
1,1,840,1950,0,6.202673875016352,4,247417.2817637463
1,1,3317,1946,0,1.0083873976739113,1,508683.8953212733
2,1,2996,2010,3,4.077037733998334,3,584124.6593714223
2,2,2225,1903,1,2.704529527160982,2,389990.6035193213
3,2,2189,1906,0,3.021016060218767,1,382007.818766684
4,3,3767,2008,1,5.7662060062332765,4,726780.3187330073
2,1,4906,1934,3,2.3953004918312804,1,789385.0543180095
1,2,761,1947,2,3.2925164596605265,1,210719.07380109266
4,2,1942,1972,0,2.752304730914731,1,388422.71990305954
4,1,905,1971,1,9.51077796057285,4,373752.7685397196
1,3,2690,2015,1,9.474324455625403,2,638316.9133747709
2,1,4937,1944,3,6.294444806662491,3,911797.298130198
1,3,743,1980,0,9.28296345295305,2,267701.3223722776
4,2,4607,1980,2,7.965220131949545,1,919390.4154620748
5,3,1060,2012,1,6.104504886617184,4,413312.1064103756
5,2,4637,1996,0,0.5611345092195592,2,811715.1530854278
3,1,3225,1995,2,7.838904717754338,1,682732.4401240249
1,1,1093,1971,1,7.173639245090454,3,282267.831010737
1,1,2326,1918,1,6.344909706182933,3,491460.0151822426
3,3,3729,1962,2,7.724030960983481,3,774033.9900495306
3,2,3787,1937,2,5.372760565360275,1,705530.9728254585
3,1,4573,1966,3,7.188791077552721,4,848904.4555291112
4,1,633,1958,0,9.384134823901686,2,274885.5094565773
1,2,3638,1968,0,4.07014765053782,3,654699.5322338652
4,1,4419,1912,3,7.227157431555941,1,848639.9350000854
3,2,572,1946,1,5.019034271104108,1,221719.28546706768
1,2,4994,2009,2,6.906796692232825,2,918134.7893048103
4,2,4725,1960,2,7.747486687766459,3,892574.7631276004
4,2,3478,1930,2,0.9317987541400616,1,545029.7587023039
3,2,4861,2018,1,6.642704217512288,2,914490.4549482964
1,3,2485,1979,2,2.6540412518659733,4,450684.48591859534
3,1,1292,2013,2,6.865309109171885,4,345373.4398011615
1,3,4759,1995,3,4.949136766371228,4,895116.3606362508
5,1,594,1921,1,7.848751047716428,3,236098.4244172044
2,3,1633,1992,0,1.672307744453166,2,353494.2219248317
2,2,737,1985,3,6.4500623407338535,2,305403.0395675137
2,1,3446,1942,3,3.145471924811747,1,606667.9681866949
3,1,3030,1966,0,8.603328955640619,1,685699.3052643146
5,3,2460,1953,3,9.31964330354492,1,608247.8002192853
1,3,1548,1909,1,9.965783789951026,2,460359.9757002404
4,1,3029,1941,2,8.062070323059192,1,639150.3421356481
1,3,3464,1963,1,7.660473669066043,2,771086.2272970594
4,3,1463,1920,0,2.547257209241735,2,295375.2834063544
1,3,1036,1979,0,3.692067060406033,4,249683.63280498024
5,2,4723,1975,3,4.923984146741655,1,898568.0773062648
4,2,4179,1965,1,7.847119953931372,4,828569.6857734115
3,3,4687,1940,1,9.192175718240701,3,910431.9403073173
1,3,4224,1923,0,2.2968214502183537,3,661279.5094059712
1,2,1042,1934,1,9.262491104365978,3,382504.93429700466
4,2,1345,1955,0,7.108434197363551,2,351832.14314977126
3,1,4103,1929,1,6.302321941507867,2,754073.6278396699
3,1,3536,1956,1,2.3984920771784255,2,625274.4450342209
5,2,2994,1993,1,1.0274878116869304,1,571262.1308698044
3,3,4985,1946,0,5.900416535825429,4,888217.0206619726
3,3,3219,1934,3,6.689398991624478,2,666983.3598168454
3,3,2384,1918,1,2.502423768869538,4,429143.63785203145
2,3,4638,2013,0,5.786333955341836,4,834051.2100401898
5,1,4849,1907,0,8.636687326244449,4,921521.6811003919
1,2,3701,1925,1,8.43312648182269,1,724775.1207773241
4,3,3210,2012,1,9.309874215569824,1,792212.1113264435
1,1,2453,2003,3,3.975915190790364,3,466888.1763832717
5,3,4350,1970,0,3.5214709392337276,3,819646.8327501169
4,2,1189,1929,0,7.619547056817682,4,383721.7948934588
5,1,2450,1906,2,4.595567848421547,3,484088.1491386281
3,2,956,1966,0,1.3317123082639157,4,148262.7068944366
4,2,2630,1964,3,3.1866107413697473,1,510918.02339128766
3,1,4476,1935,2,4.476531712549146,1,823577.4123585859
1,1,4744,1924,2,3.278906042024394,1,777104.5151277856
1,1,1679,1936,2,3.655952923999555,2,340804.05112678825
4,1,4785,1900,1,3.290871108656712,4,783838.2576322601
4,1,4065,1914,1,0.8942420882392548,1,631548.7690182069
5,1,1382,1936,0,6.552399657832204,4,314164.3789391564
5,1,899,1912,2,6.174277993357959,3,304704.04029354185
3,3,1108,2003,3,6.707143235547465,3,417334.8948290087
4,2,2138,1907,1,2.326944012319461,1,364467.323109722
1,1,2648,1904,3,3.3087181453186103,4,449402.98486866447
5,3,1882,1959,3,6.386351305976762,1,490183.49418567796
5,3,1903,1972,1,6.196461900369253,3,498383.0703570422
1,3,1319,1900,1,5.3101379388655445,1,292943.66923958354
5,2,3792,1935,1,3.8289258750968753,4,713662.0405815125
3,1,1319,1934,1,9.172844545359554,3,392589.99881030334
4,3,919,1965,2,3.727817301839016,2,221670.76964716287
1,2,4719,1962,2,4.82838198615389,3,841985.6466028938
4,2,3802,2003,2,6.942081394064983,2,811050.4025710693
5,2,2008,1922,2,5.658703593234259,1,432072.5303580617
5,3,1267,1908,0,3.795416775461663,1,314676.5088835976
1,1,2544,1933,2,4.638625509336843,4,517121.5019305921
3,3,2639,1945,1,8.047567769608307,2,604603.0147716221
2,3,3529,1977,3,3.142226977122818,1,687735.2611506936
1,1,2049,1903,2,1.8514247778797466,2,315324.6213016819
2,1,2264,1929,0,3.4750504173828825,1,397651.9011362287
2,1,3145,1994,1,8.570575047135062,3,667545.9687445426
3,2,4216,2001,3,1.3454022911352932,1,723630.0351640169
2,1,4981,1974,3,9.921112697038293,4,977379.2028136889
2,3,2793,1998,2,5.639527539812794,3,560473.506273148
3,1,3208,1971,3,9.856034567687393,4,714048.6879941655
2,3,1400,1902,2,9.420466009816787,3,453354.48158200533
2,2,3584,1913,2,4.80173028500371,2,621542.3542787784
2,3,2509,1959,1,2.385665208750816,4,439409.9723881836
1,3,741,1976,1,2.0664053773688154,1,194508.4168322452
1,1,2885,1944,0,2.779898956764596,2,477627.557719223
1,1,4768,1995,1,7.2462600853631045,1,889561.8196836117
3,3,1171,1933,1,3.0930249499491347,3,273667.0346693667
5,1,663,1944,2,3.743540061240834,3,218617.40533627503
2,2,964,1960,1,4.763398637948841,1,258595.85341825182
2,2,3542,1982,2,9.175710464003835,1,729419.3053975776
3,1,2942,2001,2,2.299237469906038,2,536499.9526903545
2,2,2855,1915,1,0.5477522497931295,1,462319.9699069242
1,1,4778,1965,0,1.0709158985926164,4,747994.6836306608
5,3,3057,1939,0,9.09528024596112,4,650849.5517457402
4,3,1045,1916,3,6.65140641601195,1,352576.2624029661
2,2,4335,2018,3,3.0938858836141643,4,762308.4795258541
1,1,1093,1933,1,2.1833287596063156,1,231420.67532266089
4,1,4304,2005,0,3.295533998052586,2,766667.4245342612
5,2,1959,1915,2,1.5905708088871608,4,391068.5151810084
4,3,3993,2001,3,9.44456264770219,4,887370.4565644152
1,2,3101,1959,2,7.949958656470035,1,647497.7981569638
4,3,2944,1965,3,4.892716180669137,4,657850.4465547139
3,1,3172,1965,1,8.717144748594418,3,699462.2548875138
4,3,4700,1989,0,2.869852940785707,2,834343.5251219028
2,2,516,1912,3,7.312645400485838,2,238161.24735628182
2,1,3691,1955,0,8.633258740630563,4,685635.8066743395
3,2,892,2010,2,3.88930276042109,4,290200.2435802753
1,2,924,1930,1,7.695912231781818,3,291865.6454026435
2,3,1071,1933,0,3.303187318010939,3,261562.64753727568
5,2,4131,1938,1,3.3391427849607926,4,754378.3267375856
2,3,1620,1966,0,1.5170431962647677,4,341663.8913014765
2,1,741,1907,2,4.680551441839288,3,207185.85160914587
1,3,4397,1986,2,7.432263111725511,1,835536.250606305
4,1,4595,1977,1,9.432097652927206,3,865159.1142855907
2,3,2779,2019,2,6.236071423326413,1,600953.9319576086
3,2,1288,1954,3,8.69978760848952,2,451032.96465741715
4,3,1214,1926,0,8.313699168257157,2,431461.2700976292
5,3,3349,2017,2,2.146759003265168,3,648337.661271074
1,1,1275,1992,3,5.115265574669999,1,291531.33013634116
5,2,4526,2002,1,1.610773587491219,3,773405.1323747534
4,3,2747,1952,3,6.980455034835532,3,654604.2462641574
4,2,578,1938,1,9.524046848337722,1,298905.60762857675
4,3,4426,1964,1,1.8023498517481866,3,779175.0957266515
5,3,1355,1916,0,7.471889742624143,2,399401.75238493376
4,2,2648,2004,0,6.506262433244679,4,606575.3301408199
5,3,1531,1929,3,6.044247851576947,4,468985.2320052149
4,2,3771,1952,0,4.206142229539223,3,700017.3814791429
3,3,4076,1912,0,3.873750653661219,1,713047.9199891726
4,1,4682,1920,0,0.9298672956794347,1,773606.6850588117
5,2,3956,1918,3,2.570132728394128,2,706041.457108509
2,3,4006,1952,2,0.6441803817248555,1,640459.920201207
4,3,907,1918,0,6.0234625030291955,1,307205.88230482105
2,1,3211,1956,0,1.505605740840134,2,525448.503370127
3,2,3588,1924,3,8.793684243282303,3,741876.1263088811
1,3,2168,1985,2,5.46985869662307,4,474657.5226208046
3,1,647,1930,0,7.14705413605773,2,232034.59553828192
4,3,4827,1980,1,4.403142372484716,3,871315.6135121504
2,2,4397,1954,3,5.825508185509962,2,809916.168242377
2,3,2450,1922,0,9.45526218118299,3,551035.3285676133
5,3,865,1931,0,1.2859733764248722,2,215123.33473249283
2,3,2174,1961,1,2.9124088332751135,3,435128.20951447275
5,3,4994,1973,1,7.909889105650171,2,994927.8265437401
1,1,3046,1909,3,1.4380034653853255,3,477100.83582179016
4,1,1062,1999,3,1.218780487089053,2,247234.0283411545
5,2,4062,1971,1,3.9346432881633664,4,787043.0107046051
1,1,2989,1953,3,1.3755956054881069,4,492547.0592807072
2,1,1272,1951,1,6.058245200958929,1,351559.0751705655
2,2,2537,1919,0,2.649614882757698,3,407631.89807599614
1,1,3923,1931,1,9.009130650394038,2,771362.0588629153
2,1,3067,2013,1,7.943250768029938,3,639547.4394440984
1,2,2073,1913,2,7.147199457945024,4,441990.1909515671
5,2,4194,1949,1,6.360968260152768,3,798021.7192048666
5,2,3791,1927,1,8.702924438243901,2,771843.5145497835
1,3,1746,2009,2,2.6190895846561904,3,367541.67528107757
5,3,4219,2015,3,8.794534006260163,2,955172.5573724674
5,2,4339,1952,2,8.000176835028498,4,873488.816028511
5,2,859,1923,0,7.607527850683013,4,317626.9417439005
3,2,2876,1978,2,5.831928941711778,4,591109.5797454494
4,3,3509,1921,0,2.8393195292207007,1,639559.8731773667
2,3,3493,1929,3,4.523705201923015,4,666300.5109944333
3,1,1462,1962,2,8.038921218118615,3,403855.2082536288
5,1,4132,1903,2,0.8018956013945822,1,618230.8147122256
1,2,2327,1976,3,7.929482308005704,4,554547.0576201609
5,3,2113,1958,0,2.780672034631882,3,450455.4287560241
4,3,2140,1986,2,1.8709374068552287,3,417447.5521790209
5,3,2716,1907,0,1.5991625227128705,3,469998.3849867784
1,2,4812,1981,2,0.7588751135327436,2,786406.5148071788
4,1,877,1911,1,5.4740716096038025,1,209758.23076403188
5,2,4714,2018,2,2.57346879059043,3,836848.0712265614
4,1,4785,1930,3,9.8996017749065,2,958664.75903879
2,1,869,1977,3,5.9571491807859545,4,314118.4445870093
2,2,2696,1933,0,1.809910058882099,3,501242.69648442115
5,1,4247,1981,2,7.043244137707971,2,887881.2519633366
4,1,1151,2019,0,9.028563881842391,3,410815.51469474804
1,3,1269,1997,0,7.579205206011337,1,372828.4320831779
5,1,2921,1974,1,1.226178679874753,1,535251.6302917672
2,2,1280,2004,1,9.010899721330265,4,408128.17133351386
2,2,2216,1975,3,8.042329165669665,3,525194.201189752
5,1,4483,1948,0,2.0038870510033364,2,733396.0897109392
4,3,1811,1978,3,0.9919659429617602,4,368222.4863548075
2,3,3859,1956,2,5.794450465485931,3,753554.7748863655
4,1,1022,1994,0,1.9823402077297807,4,219386.7636012366
2,1,1021,2012,0,8.428614049655085,2,354350.33242554707
2,2,2820,1992,2,3.9041792383809004,4,592457.421052751
3,1,1435,1925,2,9.172478224997466,4,414753.0823518005
2,3,2730,1917,3,5.874037635339555,4,601899.3099098355
1,1,4540,1995,3,2.2353876502768473,3,791759.1680321856
5,2,4197,1985,2,1.8261892399181008,2,758874.7907158779
5,2,3337,1937,3,5.976488156798662,1,673225.9433875103
4,2,4583,1980,2,7.737894312693217,3,933720.5856875919
2,2,2961,1986,0,7.92430365355073,1,628886.7001050628
1,2,3743,1987,0,3.119695342192172,1,646793.6654681694
4,1,3859,1949,1,2.440344209665591,3,662911.8510474516
3,1,1185,1907,0,0.6591848926776329,3,178799.5110437156
4,1,2660,1940,2,6.952391936411109,2,550541.1457679587
4,1,4488,1905,3,1.2273984551186203,2,680570.4962278007
2,2,4566,1968,1,4.497231416776295,4,830322.9515936628
3,3,2067,1943,3,6.215980558173813,1,508628.16433363524
4,1,538,2020,2,9.40253497673693,2,296235.42472233006
1,3,3044,1963,0,3.462120301079802,4,533172.7222831746
1,1,1756,1928,1,2.872835543241938,2,311833.34659667336
5,1,3490,1927,2,6.714521465717935,3,702854.7381533728
3,3,2696,1910,1,6.3827708045090255,2,521594.0746160032
3,2,3968,2020,1,3.6550429414271832,1,733569.8921649831
5,1,3208,1964,0,9.316967437342973,2,717530.7136282086
4,1,801,2006,2,8.526192111151511,1,345386.0471755482
3,1,1146,1918,3,2.627834185718271,3,248352.42492522526
1,3,2259,1908,1,2.7718541816279703,1,388598.28658144746
1,2,4851,1926,1,5.366853295427266,2,858216.9747010333
2,3,1097,1933,3,7.848934966441843,4,346546.5564821801
3,3,1161,1943,2,0.9183836041904117,3,215965.71610644873
4,2,4830,1967,1,7.086683960479713,2,917956.850811133
5,3,1868,1999,1,6.6582410251299216,3,469526.67119538604
5,2,3081,1981,1,2.699060911173388,3,531503.4385218979
4,1,4368,1914,2,6.972853625792814,2,839250.4549672066
2,2,4037,1950,2,9.431740316894786,2,800079.1942988752
5,1,4808,1912,3,0.944465527231801,4,741248.0209800407
3,3,782,1982,2,3.5366945252745943,3,239239.92108175167
2,3,4178,1948,2,4.662678808330375,3,743037.3103813375
3,1,1986,1969,0,9.042973409784551,2,494206.6816666024
1,3,4582,2011,3,9.641483742786988,1,926792.5065135907
2,2,4683,1955,1,4.719094841715156,2,834286.5503907071
5,1,960,1975,2,7.625269915350816,3,370661.2515859592
2,3,2825,1950,1,5.550779725762588,2,540390.8082498634
2,1,4254,1936,1,5.608937880043077,4,735326.3420271518
2,2,2968,1916,0,3.1419453931303862,1,492462.4768616431
2,2,2224,1957,2,2.5610843357068553,2,414696.50267997856
3,3,1876,1986,3,3.236050786278391,4,454688.10365015984
1,2,3243,1989,2,5.785116068942253,3,670660.1567539102
4,1,1014,1928,1,0.7769742672098454,2,246611.16999834156
2,2,1202,1932,3,9.118864971385856,3,335442.95119886263
5,1,2153,1959,2,1.984695240722874,4,389536.5117356667
2,1,2566,1990,1,2.5908424302781725,3,509567.07813243807
5,2,522,1988,1,5.423623676252641,4,213254.96558063198
3,3,2960,2019,0,7.246090280204154,4,707703.4322083507
5,2,1804,1954,0,1.4094260200717743,4,348972.3022300166
4,1,3800,1909,0,3.5180996266980404,2,643965.3118595245
1,1,861,1946,1,9.702408752956392,3,286703.2254061411
5,2,4227,1922,2,2.992258184418984,3,729116.0831882723
5,3,1784,1984,0,3.4739763780998953,1,457263.93655474554
1,3,1014,1920,2,8.446735660871319,1,340342.63483639574
4,1,948,2006,0,0.9770371010593248,1,198128.2663159314
2,1,2355,1912,3,4.913825103685223,1,466169.4819831854
5,3,4062,2000,3,4.106359262290868,3,795121.7452382508
1,2,3020,1932,0,3.507574219132186,4,527280.2631278047
3,1,3581,1923,1,3.214146143425263,4,584189.3895645072
1,1,1928,2007,0,1.3680539961738873,2,332632.2637082751
3,3,4467,1910,0,3.490845378840664,4,743340.0009407953
4,2,1422,1916,1,0.9089978257988514,3,211880.79049861012
2,3,3637,1967,3,7.919156704622135,3,777982.0787736349
1,2,2659,1946,2,4.283164042601111,3,472168.95981313335
5,2,3047,1924,0,4.71708640703916,2,578773.2048881806
4,2,3479,1993,1,8.98914857127625,1,788784.6775712228
1,1,2781,1972,0,6.751522346681597,4,515235.1105201212
5,3,3149,1920,1,0.576561481750138,3,551498.3320587429
1,3,813,1983,2,9.460160818132207,3,355657.8799384276
3,2,3113,1982,2,2.7528724267882567,1,554344.3635125885
1,1,3583,1982,3,1.522334755218659,3,647969.7773265248
1,1,2756,1911,1,7.797217694618381,4,547330.4464984967
1,3,1537,1936,1,5.254534500733823,2,341938.3677752579
4,1,3989,1941,3,4.6208203771711664,3,710261.0844842633
1,1,3134,1916,3,2.8702792569860467,4,546034.6468506383
5,2,4483,2000,1,5.700979153692027,3,848668.1774122553
3,1,2278,2017,3,3.1066537494245807,1,489746.02745201724
3,2,4395,1947,2,9.065038550227142,3,879488.7752264638
1,3,1624,2002,0,2.5444425574653313,3,367893.55276015284
4,1,1197,1927,2,8.901373929329658,2,355513.99239952106
4,3,2679,1940,3,5.814351544409891,1,564060.4499107978
5,3,1904,1998,1,8.370637272004789,1,537487.612589344
1,1,1543,1946,1,7.272036960679072,2,367439.076775462
3,1,2429,2011,2,7.118603558649111,3,553858.1454555569
4,3,1513,1917,1,3.5812851731030295,4,405361.7135977235
1,1,726,1977,3,2.7220208489859328,1,241921.59208851637
4,2,2328,1998,2,2.503419162967487,1,481244.7601298758
4,2,2523,2007,1,8.643320742066093,3,632740.7166925833
3,1,2952,2004,0,8.29405479246069,3,639270.2913472243
2,3,2585,1970,0,4.685448516116919,1,494713.33198438515
5,1,4783,2004,3,1.7578438282163187,3,828555.070550445
5,1,1580,1912,1,4.131396393785854,4,357405.8716622684
3,3,2820,1981,3,6.383762814300658,1,662315.9253252133
4,3,3690,2000,2,4.816829967559552,4,765229.3098642587
1,2,3130,1912,0,7.911798050588452,4,575491.6036829137
4,3,3063,1999,2,9.977416811388162,3,741767.6442739203
3,2,3792,1930,1,2.3157548402645203,4,600893.4076836406
5,3,4086,1901,3,4.866682786765939,3,798454.7446703868
4,1,4931,1915,3,4.594347068247809,2,847227.3314949479
5,2,3447,1908,3,3.392679061115033,3,631225.8283315249
1,2,4459,1972,2,2.3819074088427508,4,759989.4048769801
5,2,3313,1937,0,1.1240751066517627,2,626585.0001283326
5,1,3083,1974,2,8.927633513625135,3,705209.5437672408
2,1,661,1953,2,4.488562628020017,4,199964.47661524406
2,1,1093,1955,1,5.220507425750465,1,247334.09548491833
2,1,3759,1985,1,9.2109494579087,1,809534.9753707517
5,1,4655,1996,1,7.874759536401505,3,911704.2791206031
3,2,3462,1999,0,1.73976200911325,3,644523.8018054574
5,1,4388,2008,0,5.871489692273553,1,861770.1216691891
3,2,3890,1986,1,4.701396626935812,4,716454.0299735045
3,1,1163,1944,1,8.073505189498245,4,315613.1992685673
2,3,1632,2008,0,7.380209202313518,4,457718.4119763605
4,2,1041,1933,3,7.058854358155184,3,331954.4989438136
1,3,3474,1908,0,3.7351759370590205,2,595287.164802588
2,2,1367,1987,0,8.147155438792918,2,427219.3489472168
2,3,2566,1907,0,0.9977173081511816,2,371514.7932724028
4,1,931,1906,1,2.0164365636055885,2,192094.0773738171
1,1,4778,1935,3,3.6884210932901613,2,815458.3266379467
5,1,1706,1917,0,1.2296706901581722,3,313696.17784706503
5,2,3028,1902,1,2.73244563657957,3,503260.3584519058
2,3,1669,1927,2,8.386434338480221,2,462562.09851395356
1,1,1330,1969,2,9.508389609005754,3,434756.2067277824
2,3,2151,2007,0,3.3937223798548097,3,457105.2925570981
3,3,1636,1943,2,3.012900137893963,2,354765.64760516584
2,1,3310,1920,3,3.1589801963410555,4,596669.9274411573
2,1,975,1927,2,3.1383313298330164,3,195658.65633568956
5,3,3310,2003,2,0.8413367307667434,4,577080.9119102531
5,1,1826,1953,3,9.305705290145527,3,509999.16042963724
5,1,1519,1953,0,2.53013234491812,3,322828.7766909623
3,1,2336,1964,0,4.490038703773347,2,482674.1931113778
5,2,4756,1999,3,0.5920253860391935,3,831503.0720749821
1,3,2948,1920,3,8.650573363693043,1,664606.9939919824
4,3,4793,2006,3,7.445994772321713,1,995502.6811990333
1,2,1783,1998,2,9.49418233415018,2,493349.2215255509
1,3,1159,1912,3,7.925347052365791,4,353158.4584996261
5,1,2510,1956,1,3.4802118644946196,4,518783.4321186393
4,3,898,1948,2,2.854796907920025,4,226042.01255263333
4,1,2233,2017,0,7.128304921756283,1,541244.4199731831
4,2,2625,1953,0,3.9590713625997447,4,491013.70652906934
3,1,2671,1909,0,5.879042649649858,4,534737.3930737714
5,3,574,1952,2,0.5594459747514672,2,173340.53248065084
4,3,3971,1943,1,1.0879141659645148,4,671598.1317037434
3,3,1336,1946,3,5.585995441225687,1,416841.9060094309
2,2,999,1952,3,5.877680641257569,1,280002.5433389352
2,2,637,1973,0,7.638802972363765,1,279721.5462777404
3,3,2597,1945,0,1.7536705364276366,2,457120.2574511072
3,1,4196,1912,2,5.375239295689399,2,756715.0688148638
5,2,2385,1936,1,2.347252622101042,3,498428.32210924453
5,3,3257,2001,3,1.3853631358455996,4,610126.2249687824
2,3,4420,1923,2,4.3997100435752685,2,753059.2580626542
4,2,2400,1901,3,2.0516981568460437,1,414800.7774948707
2,2,3110,1985,0,2.6069287928270266,1,544818.1238010176
4,2,4486,1980,3,3.5167685087602667,2,818341.1410177884
4,1,1949,1999,1,2.9641898070603645,2,406497.0160358718
5,1,1046,1913,1,1.3321173253564909,2,247608.87028651565
1,3,2503,1909,0,1.3542043261671717,3,442155.0626397145
1,2,2596,1934,1,2.3358694447245973,1,473191.051121166
3,1,1203,1924,1,0.9803122856156201,3,267417.21162774594
5,2,2903,1902,2,6.451341686930808,3,621579.295155182
4,3,2125,2010,3,3.2296038068345685,4,514550.9532245074
1,1,3831,2001,0,3.1575866938061745,1,672920.9969234676
4,1,3478,1916,0,3.6539837952587693,1,613302.3087500201
1,1,3339,1911,0,6.796564604992356,2,616641.2052044182
1,3,3884,1953,0,8.77102187409316,2,769099.0113589802
1,2,3159,2015,0,7.711325859278565,4,633907.0609896247
5,1,2361,1923,1,7.411527687138403,3,523114.20451871515
2,3,3356,1928,2,5.101716263208068,2,654078.6677559629
4,2,1185,1942,0,7.091152791190412,2,351879.603348158
5,3,4783,1924,2,5.75124249631904,1,868341.4575733994
5,2,2119,1999,2,2.5543800177720244,1,449790.5241058561
5,3,1931,1959,1,2.481589493539982,2,405831.71965622116
5,2,1375,1989,0,3.3157240653151927,1,335005.61525708437
5,1,2961,2001,1,9.152625374213226,4,702475.391207431
3,2,1865,1964,0,5.700440983607396,2,442915.2705949055
4,3,1743,1983,1,7.472101081517759,1,472390.73535599135
5,3,662,2018,2,3.7923082182572023,4,309174.19406545686
4,2,2474,1927,0,4.373299821319639,1,509856.94941810064
3,1,3791,1915,3,1.692872997053888,1,626515.0082672914
3,1,769,1946,2,2.1273020993058687,1,198014.79878494408
4,2,1131,1980,3,8.359887270848382,2,434953.5314785164
1,2,1405,2003,2,6.05596700104438,3,351428.2237814008
2,3,3971,1991,1,3.70655842589628,1,754149.4518924705
1,1,3753,1957,0,8.127086485457687,4,698740.2078942049
1,2,2514,1975,2,2.841939103560838,2,449621.2411555073
1,1,2141,1926,1,9.772310636701937,2,507003.4419294077
5,2,704,2017,0,3.7757672735886127,4,205514.3423299055
3,2,1081,1952,0,3.704454064436662,1,266129.58899437723
1,1,1340,1941,2,3.4631631025986995,3,295807.785725869
3,2,2219,1958,0,1.6600594012807353,1,353403.0918644643
4,2,3143,1946,2,1.5558028996541178,4,578291.2911067436
2,3,2797,1993,0,6.656997828074172,2,586220.2660982971
4,2,1374,2004,3,8.813621423301447,3,473043.97297834896
4,2,1189,1933,1,8.009944847580897,2,358709.53427648137
5,2,4500,1936,3,1.8405221432028354,4,787633.4049672828
2,3,3641,1905,2,5.683030157024631,1,708434.2920445866
4,1,1922,1906,3,1.50311968677808,3,356037.652845124
4,3,1171,1995,2,0.9302991143242357,2,282156.4535491422
2,3,1671,1995,0,6.735665664155289,2,425466.9298682702
2,1,4226,2016,0,5.583947169963328,2,776346.3926649888
4,3,1443,1924,2,1.279225009508973,1,310933.7868141705
2,1,1949,1932,3,0.8319228408568902,3,340745.11679646076
4,3,4237,1954,0,9.90268592738868,1,898874.3831021766
4,1,3039,1957,1,0.7852026554161828,1,470489.6145693975
5,2,4459,1906,0,4.723018403976517,1,785234.8066186451
1,3,4760,2015,1,5.293880733773108,4,864041.8905705333
4,3,2861,1956,3,1.614161404104228,4,554556.4535797302
3,3,4152,1911,1,2.106086895177304,4,673797.4440690812
1,3,4170,1915,1,3.842147560898349,3,723644.2951700726
1,2,2253,1979,1,7.735920824029795,1,512613.7224602326
1,3,2852,1942,1,5.317283028572533,1,510668.2559898072
5,2,2438,2016,0,6.560067808253135,4,597675.3383122626
4,2,870,1999,1,9.85915827336141,1,394050.9849206293
5,2,4979,1976,0,7.796051635475491,1,992170.4651036521
4,2,2431,1906,1,4.626434232341568,2,436045.95767989045
5,1,924,1999,2,4.741198257067213,1,296135.93236840685
5,1,1394,2010,3,6.378334731889548,2,414756.5841137943
3,3,1097,1950,1,6.820969479979591,1,355224.54688054963
5,1,3562,1972,2,5.256753795448377,3,662805.3933050425
2,1,2836,1931,1,6.6261816167423095,4,569524.5787541907
3,3,2187,1974,1,0.7235586969339383,2,449812.73409570457
5,3,1072,1907,1,4.581417207020019,4,310291.7778020387
1,3,2590,1996,2,3.1499117226980293,2,512320.0444995484
2,1,4169,1986,3,1.7271572298095488,2,666956.7094205567
2,1,4772,1988,2,1.4456918716833638,2,759857.6845947417
2,3,2133,2019,3,6.230325573339341,3,531160.3889462175
3,2,2017,1971,1,5.474205197949812,1,441789.6921879255
5,3,4793,1944,0,2.909049111465507,2,859287.3928860847
5,2,3157,1985,1,4.974025558338888,3,656373.0911909938
1,2,4148,1958,3,5.176206994232879,2,825533.6045758318
1,3,4088,1903,2,2.3525853141668502,1,647730.2453727297
2,3,2037,2003,1,6.694884087875681,2,504275.5470423069
1,3,3637,1966,2,7.9187338856678595,3,712837.3683999999
3,1,597,1928,2,8.01890363845043,1,208867.05340425047
5,2,3715,2004,2,6.223463391682823,3,787287.2923199852
2,1,4250,1928,1,5.360566533930633,1,753626.7152527967
1,1,3657,1997,2,1.0795678585512514,1,577776.5963048802
3,3,843,1997,2,3.234397339090256,4,272463.68727164075
3,1,1110,1927,1,1.3860787443926141,4,184489.88491471365
1,3,2227,1976,2,9.6563200283455,4,563321.2141958281
5,2,2790,1978,1,1.7832613891447266,1,512658.11246373766
1,3,2354,1986,3,1.9418663935854694,2,431023.1984366024
2,1,3108,1943,3,8.950977874139676,3,647303.3097372946
1,1,2579,1989,3,9.46731869302635,3,591985.4877619207
3,3,2824,1903,2,7.775375872731644,3,621679.4886234662
1,3,1677,1989,0,0.5513467748903638,4,232221.43109818693
5,1,1591,2003,0,0.5127895740873551,1,299215.05994462705
4,2,3291,1908,2,4.0919573129807825,4,577797.0993461738
1,2,2249,2018,0,1.862256015103479,2,386806.30314643757
5,3,3175,1904,1,0.6746683504401743,1,521102.0326567104
5,2,1281,1955,0,4.908633549342794,3,336964.1782375269
3,1,3548,1995,2,9.45908802536623,4,764021.4639646573
5,3,2605,1983,2,3.5762859615730984,4,527674.2064865069
5,1,4367,1949,1,6.780836445072617,2,845709.1418625918
5,1,2613,1974,3,6.6962358547581875,2,568809.6174236515
5,2,4470,1914,2,2.8852609848190935,4,752337.5632982289
2,3,2491,1931,1,6.679039863826711,2,542343.0919238972
2,3,1567,1927,0,2.517172755725467,3,311402.6692218279
3,2,2077,1921,0,1.6590704289804459,2,339438.9170512844
1,1,1511,2004,1,7.163141212817056,2,321008.7735038622
5,1,2774,1916,1,1.577687762487209,4,446016.483085048
1,1,2314,1958,2,9.970637576598875,4,560059.9561879839
1,1,2926,1989,0,2.2427978109271782,1,509971.1575607943
3,3,4902,2007,1,6.144347696186347,1,932204.5374855157
5,3,3051,1970,0,4.408058428419599,4,603336.5173915016
5,2,4157,2005,1,1.7006710128538376,2,794893.6953995598
4,2,507,1956,0,0.7645171219854272,2,119528.18940207468
1,3,3055,1925,3,6.415956681781916,1,632874.950805416
1,3,975,1924,2,8.164196855996698,1,298657.63473426155
2,1,2711,1909,0,8.499148784314068,1,528378.7794560571
4,1,984,1944,3,5.085777994230877,3,305998.7001711732
2,2,2785,1982,0,7.885826938232663,3,632080.5706592875
2,3,4025,1910,0,6.892047768141175,1,741348.0331079884
2,2,3839,1976,3,7.380418011241765,2,728742.4679340724
3,3,3322,1952,0,5.179690549607234,1,638204.8775071141
3,1,3424,1971,0,6.5174115323002075,3,668683.3781654933
2,2,758,2003,2,8.152496178972541,2,336220.37455267145
4,2,782,1967,3,4.279899667791719,3,255813.25173180926
1,3,2398,2010,3,8.156799558242046,2,592513.8881833174
4,1,4635,1994,1,6.124160006496097,3,848488.7790228192
5,2,3476,1927,0,2.076059731522469,2,568125.2390370279
3,1,2767,1974,2,0.7344994936335538,2,486131.7028888412
1,2,3700,2006,0,3.9461592037919444,2,668868.1419109066
1,1,1112,1964,0,5.693615118815228,2,273405.2134107463
5,3,1187,1948,1,8.478293345933139,4,401437.1733493588
5,2,4190,1946,0,1.7111139613323387,3,700717.9403132697
2,2,1112,1951,2,8.101960302994001,3,363847.1167795549
3,1,2807,2001,2,8.698585937638656,4,689238.7581481308
3,1,3513,1987,1,1.931531126507921,2,617944.0437758369
4,2,2281,1953,0,8.59014603339008,2,533295.1926190745
2,3,3091,1959,2,9.918808894506524,3,695632.0843224883
2,1,3196,1956,0,7.404968894958257,4,609707.3503910502
2,1,4458,1946,0,7.955311977337385,2,820293.2262654232
2,1,1074,1930,0,9.946945041809297,2,329227.6145801638
3,2,2410,2004,1,6.252071879996481,2,557912.0312246702
3,2,4104,1945,0,3.4249206291543692,1,640010.5061881361
2,2,1169,2013,2,8.456542923722528,4,419860.06620631914
4,2,4864,1925,0,6.337614886360496,2,885236.7349223457
1,3,1783,2012,2,6.021356525349088,1,485945.6925856727
1,3,1423,2013,0,2.9095377773833637,4,344560.4944115161
4,2,1625,1904,2,7.685175561037423,2,407861.0665893971
2,3,2029,1983,2,1.2758391206709145,3,410974.234436881
3,1,2094,1951,0,9.280727172549282,1,505512.85652062815
1,1,746,2004,0,3.595322877319605,1,151948.78861028535
5,1,4211,1974,2,1.7138592015049092,2,727397.9825233205
5,2,2060,2019,3,4.702482064472979,2,490443.30577519216
4,1,2900,1953,1,0.9034641379370649,1,482074.8206686663
2,3,2743,1932,3,7.00394884551718,3,637315.2226672247
1,2,4364,1949,3,9.075702349230884,3,869733.7195529217
2,3,2439,1937,0,8.453998567815834,4,532496.6000765668
1,1,3569,1926,1,1.7100099977548702,2,579160.5750955025
4,1,726,1997,3,1.6995758025234526,3,218955.08030388
4,1,4047,1914,0,8.227627582080508,4,744723.5059158126
5,2,764,1995,3,9.280415608729601,3,351052.36798772565
2,3,1895,1960,3,4.876363383418147,2,415843.8286878949
5,2,4057,1920,0,5.240225610680777,4,763762.0572304087
2,2,1145,1945,0,3.523489393164396,4,246679.73452221174
5,1,3490,1968,0,8.995518623435933,4,743938.9354426039
3,2,2399,1905,1,6.626577600277382,3,468918.3102361434
3,2,3004,1937,3,3.2383899830900007,2,578948.2741372356
3,1,3272,1961,0,3.3384372750153903,4,522189.15389136435
3,2,1654,1985,2,8.966400694104223,1,469043.57598039234
1,1,1087,1961,3,0.629523227105304,2,205102.06101995092
3,1,2321,1981,2,3.5659024409030646,1,432402.26269207767
4,1,1485,1977,1,5.766388471555506,1,394431.0014173712
4,1,4579,1973,0,1.9080658899435838,4,734281.4683350816
1,2,3848,1945,2,1.374938164896103,4,592046.9984775144
3,1,4331,1912,1,8.24512514536032,3,845214.5545233183
3,1,1741,1994,0,8.99684169216082,3,476435.08867069153
3,2,689,1993,2,8.324260997582801,3,344811.1219028967
5,2,1480,1902,2,9.038484952504803,2,464724.93866391346
2,3,2198,1993,1,5.754563725054529,3,438308.8007635673
5,2,2215,1905,0,8.216452149408248,1,534448.6089874229
2,2,3093,1992,0,4.148405064715454,3,563392.4716819505
3,3,4636,1907,2,6.829544684050866,4,850259.0739116694
3,2,4933,1943,2,9.893937548197062,3,985764.7779055809
5,2,1598,2008,2,2.6444133764717104,2,373012.24819419783
5,2,2826,2006,0,4.204047589765265,2,595343.9786817183
2,2,3747,2007,1,5.060450084445813,1,713237.9275010142
4,3,1395,1932,1,1.8111471266904915,2,298178.16790091124
2,2,2174,1980,0,1.2698667994180395,3,368741.7961879786
5,2,3409,2011,3,8.382367230055433,4,751374.0123721552
5,3,1430,1974,1,9.779546541862068,2,471082.9915685537
1,1,4884,1976,2,4.344888106381758,1,835427.1588656366
5,3,1223,1949,3,1.332673443849206,3,339034.42869634763
1,1,3440,1910,3,1.1252117265604766,1,568801.8945090481
4,3,1589,1994,1,8.967522960422837,2,480868.0597619719
2,3,1435,1927,3,4.90623537241296,2,356881.1493815711
2,2,2795,2007,3,3.540259507342723,1,549862.1157982033
1,1,655,1969,1,5.026382076774295,3,209034.30700721152
2,2,1570,1940,1,3.5238888995772997,2,329950.5966801154
5,1,2458,1915,3,5.14583986542239,4,520804.6727023378
3,3,3001,1967,2,8.6657857707204,2,614937.2458689727
1,3,4719,1998,0,6.126863025089909,3,883049.7271489718
2,1,4330,1947,3,7.099210841696666,2,803511.1911035171
1,2,1354,1955,3,3.9643714242261976,1,295763.9806287339
1,2,1139,1963,2,7.515805845849928,2,368022.5338710503
3,2,2738,1958,3,6.832862306354037,2,636527.8565371999
5,2,2102,1989,3,1.6358389786445362,3,453241.8581739259
1,3,941,1961,0,5.940107104598054,1,271988.35191168374
2,3,1836,2020,0,2.939063214942701,3,371781.1230453813
4,3,4200,1975,0,8.13890886151913,2,779622.0665276406
1,3,1448,1910,1,4.546408230435925,4,320191.06452325237
1,3,3873,2000,1,9.949499569366628,2,846915.3940821935
3,2,959,1988,0,1.378754160420156,3,212378.49545595236
5,2,892,1917,0,7.913304696031506,4,343409.74914157996
4,2,4438,1918,1,6.900166468650486,3,797198.5734771974
2,2,2287,1986,2,7.791238890611702,3,543093.8039008578
4,3,2757,1954,3,3.421533057159335,1,551223.1371534895
2,3,1638,2001,3,5.174517649132806,4,425437.63587625447
5,3,4308,2017,0,8.06683093737523,2,929734.9103213522
2,1,2954,1981,2,2.7091426503981224,3,525661.7974054934
3,2,1966,1925,1,2.647315369492195,2,360476.4961205307
3,2,4174,1905,0,5.734984056301857,1,719382.3441307739
3,3,1877,1903,2,5.47385400553363,1,456241.56689620914
3,2,3097,2007,2,3.181493468922862,4,561399.9638139915
4,2,641,2014,2,3.3317186799858165,1,231459.38777853103
5,3,3159,1928,1,3.139529050462372,1,635489.0076866848
2,1,1339,1958,1,7.829364588985633,2,380643.374231501
2,1,4118,1997,3,6.693058222843376,1,798056.7481643357
3,1,4417,1916,3,8.4079632423974,1,847751.566236105
3,3,1095,2006,2,9.766993768983207,3,419430.4256957187
1,2,2404,1942,2,5.004560814583871,1,475478.03517023934
5,3,780,2016,1,1.133591873351764,3,231425.19149214044
4,3,923,1979,3,0.9568769489143366,1,250078.25396466182
2,2,4865,1965,2,3.3088178730803817,1,796270.32282095
1,1,4749,1933,3,9.359173598848283,4,914479.7721711986
1,1,2250,2018,3,5.470524022223311,4,519826.22231662396
2,3,2467,1907,2,3.081971902761227,3,450593.8599272102
4,1,4588,1912,1,4.292084547854685,1,798719.1507897389
1,3,4678,2005,2,6.186653520344373,2,896191.7272780018
1,3,3446,1907,2,6.7030217523095015,4,649766.9315420387
5,2,1949,1993,3,1.9622353429375978,2,395131.56469732407
4,2,2831,1995,2,9.781800927179171,4,670326.306325567
1,2,2720,1999,1,5.675336156336494,4,565829.0373555977
4,3,4289,2010,2,1.7890390190266534,1,773227.152080903
2,2,3310,1993,1,8.98953490678827,4,752168.0236828078
3,1,2031,1964,1,1.2090650952545736,2,373103.0547101889
1,1,3490,1942,3,9.123486615186371,4,735189.35688191
5,3,4993,1938,0,9.967373734745333,3,1008374.4947377123
2,3,1643,1980,0,7.154102091986787,1,409977.0681066941
4,2,1433,1958,3,7.8192486002029025,1,441968.45440343284
2,3,1960,1983,2,3.7043769464411205,3,431683.86805452796
1,3,3223,1987,3,9.444980100972371,3,705890.0673055537
4,1,3012,2013,1,5.5322826780294925,3,651694.3850245577
3,1,785,1985,0,7.4576902426767715,4,321461.03922676423
2,2,764,1992,3,9.279023301157155,1,331076.73741271655
1,3,2867,1985,2,9.764209771767328,3,662389.3228074333
5,3,3947,1943,3,8.415441387668405,4,826610.0722673561
4,1,2262,1908,0,3.378666316329285,3,420619.6149215761
2,3,3548,1936,3,9.682201407244783,2,784712.1576562456
2,1,2881,1973,3,6.467135546813932,2,597602.8912559375
3,2,2769,1935,0,9.341103525343618,1,626018.5025168505
3,1,540,2000,1,6.9229977452363425,4,229769.1499935885
5,3,567,1991,1,3.4187701375533446,2,250959.43478502822
5,2,1487,1927,0,4.015232979356751,2,333832.52519848326
1,1,4508,1941,3,5.729481882477935,4,782813.558085594
1,1,3698,1942,0,8.005140994818879,3,661990.1630481196
5,2,3024,1984,1,3.520834237733182,4,594190.7136593224
5,2,1585,1987,2,6.007446078274825,3,445822.91897094174
4,1,2979,1941,3,3.7834374389758145,2,518956.70373685163
3,3,2193,2003,1,8.249809344033519,2,568408.3386470812
1,1,2815,1965,3,4.933916890795529,2,544984.331612123
3,2,1278,1954,0,1.2288668551024098,1,228921.59852335666
3,1,2085,1971,2,2.0774989540745956,1,399795.9341413713
5,2,1992,1947,0,1.0804943423865068,1,360093.32644079713
4,2,1160,1990,2,5.24337798713609,4,356446.83487613086
2,3,1848,1921,3,1.510204324808158,2,359760.25981803954
4,2,1799,2000,3,1.584329708441505,2,398406.76682259317
4,2,4440,1926,0,9.439958470364582,4,902719.6817434541
3,3,2486,2020,2,8.790223185672527,1,647662.5934330651
4,2,2544,1992,2,4.794822669707977,4,537070.434874739
1,3,4016,1966,3,9.865150548076954,1,835008.2598427092
3,3,1558,2007,0,0.5017720176212996,2,285152.7215307104
1,2,1476,1912,2,6.3328048345972405,3,353335.58776976744
2,2,1227,1944,3,6.356067685032766,1,379704.1465669684
3,1,3027,1909,1,4.845709030763938,2,539002.8654656
2,3,3636,1999,0,4.271005742875782,2,696060.3210502646
3,1,842,1908,1,4.826139787065772,3,200515.79562843643
5,2,1947,1953,0,4.442124142756965,2,431762.60573415516
4,1,2879,2019,3,7.4396785360818445,2,690127.2489234979
5,3,4159,2018,2,1.7858766322461985,1,786223.7319782226
2,1,1026,1926,2,2.3775725956157365,1,165681.1510838358
4,3,2396,1933,2,2.2149231697280243,3,474965.8337954491
3,2,2573,2014,0,2.993470558652013,3,517725.0556428791
4,2,905,1900,3,5.489954978425041,2,283386.273899178
1,3,2073,1931,1,1.5564830997130779,1,376767.7148118201
4,2,4240,1988,3,8.747608305601789,3,867614.6151190973
1,2,4774,1992,1,3.324934547430487,3,817680.2698187119
4,2,4727,1970,0,2.0441108809527244,4,822186.566142507
1,2,2346,2012,0,6.918402441183312,3,551266.7859103255
2,3,1978,1966,1,0.8618198556935331,2,373137.52146401996
5,1,2895,1983,1,6.38970136630456,1,593969.1467385691
3,1,1271,1919,1,7.132885091426748,3,309296.10756305297
4,2,1078,2016,3,2.541707048173832,4,306897.7328245605
5,1,3401,1993,1,0.8986586977145257,1,591642.5299224366
3,1,693,1934,0,3.9546309097347714,3,182033.32388776404
3,2,2507,1998,0,1.4366451872983965,4,433163.2792910516
1,2,1685,2012,2,1.6065395718967022,3,347304.81832269387
2,1,2894,2002,1,2.9154816987262135,1,528663.7676918878
2,3,3498,1990,3,3.3069452839542133,1,671584.5135928461
5,2,2292,1989,3,5.534718239703496,1,557330.2087846727
2,3,1610,1977,3,6.944722912278625,2,440553.2135536222
4,1,4505,1916,2,6.131323938266755,3,804657.5193308492
2,2,2761,1917,0,1.9094232042504098,2,478027.59716772375
5,3,4236,1944,3,2.134817308299951,1,739662.3840027449
2,2,4293,2015,0,8.848307873032688,4,856186.8024741035
4,1,2436,1992,2,5.80434699310908,3,568843.1352478685
1,3,4857,1983,1,8.764409412528046,2,934162.5819753194
5,1,1229,1952,1,4.029691857538807,3,300978.3960597621
1,1,4878,1990,1,6.336800070597576,4,865636.7546841258
1,2,3951,1981,3,5.474802452518802,2,701565.5120182812
1,3,4957,1967,1,3.5316731532943946,1,847100.771765768
3,1,2640,1964,3,4.964196034319156,2,510518.37659691944
3,1,2144,2013,2,5.273663329855855,3,490437.77741320606
1,3,3300,1900,2,2.407324260188447,3,581287.4479547967
5,1,641,1957,3,3.49259853757895,3,167647.6274222376
4,1,1955,1925,0,8.018392629816269,3,450444.9279963183
4,3,2596,2008,1,9.199988274814208,1,671207.8463204086
2,3,1825,1919,1,3.918043888680345,2,319527.15481286246
5,3,1713,2015,1,3.416236680985673,1,458681.36763026926
3,3,1659,1986,3,2.3543730634328837,1,386934.7621887448
1,2,4999,1909,2,6.945666102180522,1,915843.642591908
2,3,840,1958,1,3.569447165830204,3,224790.24673881833
4,2,4328,1974,2,9.88362062144229,3,898289.393171941
3,2,2468,1940,1,3.5940056196075556,3,465556.7035221744
3,2,1203,2004,1,4.244292444434967,2,378291.0750774878
1,1,4913,1904,3,6.23167486401433,4,885036.1312927133
4,2,2929,1964,0,8.116000785317397,3,646478.7081940667
5,2,2300,1916,3,4.96042732078352,2,502068.59070694004
3,1,1355,1921,1,4.515232320995104,3,312427.2417095254
1,1,2312,1997,1,9.958559419150678,3,626760.0589078001
5,1,3366,2019,0,0.5996895908294722,1,590461.7866430157
4,3,4142,2008,2,9.003120244086835,1,897011.3897847059
3,1,682,1940,2,1.9168378464275055,1,152671.7970131754
5,1,3612,1992,1,7.9662901239846775,2,765498.6836676796
5,2,4992,1967,2,6.370349818539831,4,930531.4509120163
5,1,2017,1968,1,3.7475492122318745,4,436403.2926965593
3,3,1856,1910,0,8.801812077449675,2,438121.325804205
3,1,2674,1955,0,0.6226186658194237,3,419039.85858123016
2,3,4129,1950,1,2.653561194711775,2,728287.0452624188
4,1,4128,1920,0,5.8854815643705924,3,750637.7226458456
1,1,4596,1998,3,3.8396514704721314,2,792127.4139081513
5,1,3739,1975,3,6.298586205524113,2,747021.1113500663
2,1,4191,1925,0,0.7290468373823349,2,656114.303914952
1,3,518,2014,1,1.6063598395762688,4,139067.15439093986
2,3,3903,1918,1,1.7074142820751728,1,610983.4444437202
3,2,3504,2008,0,2.2981946362020897,2,601823.0439196044
5,3,1632,1959,2,4.863648687605156,4,421806.027145437
1,1,3839,1970,3,7.645222645663926,1,718336.0012318736
1,2,3811,1946,2,9.10261896032456,1,796027.4190256407
1,2,3872,2018,1,8.436039037700338,2,772913.4692826101
1,2,1487,1970,1,2.370434781868994,3,298567.5845809581
1,1,3821,1925,2,4.690930246191008,3,645491.7774008351
2,3,673,1939,0,2.3944101787060825,3,171200.7765531285
5,1,4241,1904,2,3.0124822583383124,2,678815.9974252976
3,2,3552,1920,2,5.283696324362919,3,689006.8326175073
3,1,1226,1977,3,1.147035734873464,4,229803.26473818425
3,1,4260,1903,3,2.5726561311360956,4,673797.7045966294
3,3,2375,1922,2,9.386092532417614,4,644947.0759834046
2,3,4533,2005,2,4.928104780255645,4,865369.778379053
4,2,1489,1983,1,4.731171996789786,1,401033.8501428726
5,1,4244,1914,3,0.6383879701371495,4,696340.0443117904
1,1,3186,2013,3,2.850297597054285,3,568593.9379414257
4,3,919,2015,1,8.729778141830723,2,369774.3164002392
3,1,1093,2008,0,2.063970068457353,3,236258.8916835056
4,1,2274,1992,3,4.443686925579851,4,470019.75489845796
5,1,2959,1907,3,0.636143605736512,1,465619.99280386727
1,3,1435,1940,0,5.044187075870281,4,291054.0582931632
1,2,4308,2011,3,0.699700513899063,2,722055.9092728687
5,2,831,1918,3,8.286290754125098,3,382211.11877064814
5,1,3949,2011,0,8.336110791127485,2,833025.633898211
3,2,3202,2002,0,7.983550788872513,2,687826.2560811575
1,3,4506,1945,2,3.191958654465623,2,771724.8762690587
4,3,4368,1927,1,8.45375357310727,3,794080.6386523055
2,2,4700,2009,1,5.658482259750058,4,859573.7596475168
2,2,701,2020,0,4.051177034236523,2,200006.64330422197
5,1,2997,1990,0,6.440634617190214,3,631223.0055413612
3,2,2342,1967,3,0.6172399375735531,1,414145.3990347652
2,1,2366,1914,2,1.8581283372071455,3,367829.9532139544
1,1,2496,1998,2,7.5517886126174965,1,557733.1898645648
5,3,1409,1936,0,2.8195352828034537,3,322822.6844812427
4,3,4805,1900,3,6.181086614623121,4,930837.333278873
5,3,3689,1966,3,4.158474726818781,2,745179.9320475438
4,3,1270,2010,1,8.620654898592983,4,455837.4177227814
5,2,3655,1923,1,9.547945406968115,3,754521.0462980774
5,3,3001,1926,3,8.893864919516808,2,672691.3204126488
5,2,3214,1939,1,3.0708899495891684,1,605488.9991776986
4,3,4085,1962,0,2.3445472559377816,3,710139.2108077449
4,2,2128,1960,3,5.007131489396983,2,489076.76956610486
5,1,886,1935,1,0.5696744329437127,1,198743.50176316325
2,2,3921,1997,2,0.7451892322002265,1,619225.3152654592
3,2,4508,1992,3,5.7562610764185,4,895751.1061540949
3,3,4593,1923,3,5.444269339570217,3,872069.9314651293
3,2,4863,1923,2,9.94852889583497,1,904059.5723670083
4,1,2966,2005,0,2.4174974359557018,2,599077.2599418885
4,1,2782,1903,2,2.95198732702445,1,496374.15451752546
2,3,2356,1966,3,1.5786361020997235,1,434509.2645314206
3,1,2498,1933,0,9.216658591710575,4,573009.7274243347
3,2,1736,1956,1,7.889206822355282,4,429247.2705236373
5,1,4644,1948,1,8.31222155884005,2,912997.6400066398
4,3,1650,1986,1,9.076255985662833,4,484687.70825487387
3,2,4818,1952,3,5.486549873895464,1,932439.9858646743
2,3,1931,2019,2,4.786335318781875,1,466879.2112232975
2,2,2319,2015,0,3.638718999823357,4,483869.9562982877
3,1,2824,1922,1,6.0975388363046275,1,529399.1492347891
4,3,1630,2008,0,4.815644769503314,1,439725.2959874003
2,3,3158,1968,3,4.789873072752964,2,631682.9598675064
5,2,4000,1994,1,9.40081470544582,4,827220.0014008678
2,3,874,1952,3,9.848299385651737,1,376596.91971582855
1,2,2620,1961,2,8.066601698631018,4,628609.8106941838
1,2,4520,1940,3,7.689201857345819,2,876758.462797999
4,2,2521,1956,3,6.965302536901464,4,569481.6740153669
3,2,4205,2020,2,2.0777110971683803,1,701075.0779183443
